movie_title,budget,gross,gross_budget_link
#Horror,1500000,,http://www.imdb.com/title/tt3526286/business?ref_=tt_dt_bus
[Rec],1500000,,http://www.imdb.com/title/tt1038988/business?ref_=tt_dt_bus
"10,000 B.C.",,,http://www.imdb.com/title/tt1869849/business?ref_=tt_dt_bus
11:14,6000000,,http://www.imdb.com/title/tt0331811/business?ref_=tt_dt_bus
12 Angry Men,350000,,http://www.imdb.com/title/tt0050083/business?ref_=tt_dt_bus
12 Monkeys,,,http://www.imdb.com/title/tt3148266/business?ref_=tt_dt_bus
16 to Life,1000000,,http://www.imdb.com/title/tt1130087/business?ref_=tt_dt_bus
1776,4000000,,http://www.imdb.com/title/tt0068156/business?ref_=tt_dt_bus
1941,35000000,,http://www.imdb.com/title/tt0078723/business?ref_=tt_dt_bus
1982,1000000,,http://www.imdb.com/title/tt2388621/business?ref_=tt_dt_bus
2:13,3500000,,http://www.imdb.com/title/tt1002561/business?ref_=tt_dt_bus
"20,000 Leagues Under the Sea",5000000,,http://www.imdb.com/title/tt0046672/business?ref_=tt_dt_bus
24 7: Twenty Four Seven,,,http://www.imdb.com/title/tt0120391/business?ref_=tt_dt_bus
3 Backyards,300000,,http://www.imdb.com/title/tt1314190/business?ref_=tt_dt_bus
30 Nights of Paranormal Activity with the Devil Inside the Girl with the Dragon Tattoo,3000000,,http://www.imdb.com/title/tt2417650/business?ref_=tt_dt_bus
3rd Rock from the Sun,,,http://www.imdb.com/title/tt0115082/business?ref_=tt_dt_bus
55 Days at Peking,9000000,,http://www.imdb.com/title/tt0056800/business?ref_=tt_dt_bus
8 Days,2500000,,http://www.imdb.com/title/tt3111864/business?ref_=tt_dt_bus
A Beginner's Guide to Snuff,,,http://www.imdb.com/title/tt4058122/business?ref_=tt_dt_bus
A Charlie Brown Christmas,150000,,http://www.imdb.com/title/tt0059026/business?ref_=tt_dt_bus
A Christmas Story,4000000,,http://www.imdb.com/title/tt0085334/business?ref_=tt_dt_bus
A Dog's Breakfast,120000,,http://www.imdb.com/title/tt0796314/business?ref_=tt_dt_bus
A Farewell to Arms,800000,,http://www.imdb.com/title/tt0022879/business?ref_=tt_dt_bus
A Fine Step,1000000,,http://www.imdb.com/title/tt1604100/business?ref_=tt_dt_bus
A Funny Thing Happened on the Way to the Forum,2000000,,http://www.imdb.com/title/tt0060438/business?ref_=tt_dt_bus
A Guy Named Joe,2627000,,http://www.imdb.com/title/tt0035959/business?ref_=tt_dt_bus
A Lonely Place to Die,4000000,,http://www.imdb.com/title/tt1422136/business?ref_=tt_dt_bus
A Man for All Seasons,2000000,,http://www.imdb.com/title/tt0060665/business?ref_=tt_dt_bus
A Monster in Paris,25000000,,http://www.imdb.com/title/tt0961097/business?ref_=tt_dt_bus
A Perfect Plan,17000000,,http://www.imdb.com/title/tt1986843/business?ref_=tt_dt_bus
A Plague So Pleasant,1400,,http://www.imdb.com/title/tt2107644/business?ref_=tt_dt_bus
A Shine of Rainbows,6000000,,http://www.imdb.com/title/tt1014774/business?ref_=tt_dt_bus
A Streetcar Named Desire,1800000,,http://www.imdb.com/title/tt0044081/business?ref_=tt_dt_bus
A Tale of Three Cities,12000000,,http://www.imdb.com/title/tt3682770/business?ref_=tt_dt_bus
A Touch of Frost,,,http://www.imdb.com/title/tt0108967/business?ref_=tt_dt_bus
A True Story,45000,,http://www.imdb.com/title/tt1524083/business?ref_=tt_dt_bus
A Turtle's Tale: Sammy's Adventures,,,http://www.imdb.com/title/tt1230204/business?ref_=tt_dt_bus
A Warrior's Tail,30000000,,http://www.imdb.com/title/tt4075322/business?ref_=tt_dt_bus
Abandoned,,,http://www.imdb.com/title/tt4519006/business?ref_=tt_dt_bus
Absentia,70000,,http://www.imdb.com/title/tt1610996/business?ref_=tt_dt_bus
Accidental Love,26000000,,http://www.imdb.com/title/tt1137470/business?ref_=tt_dt_bus
Adam Resurrected,10000000,,http://www.imdb.com/title/tt0479341/business?ref_=tt_dt_bus
Adulterers,750000,,http://www.imdb.com/title/tt4044464/business?ref_=tt_dt_bus
After,650000,,http://www.imdb.com/title/tt1799508/business?ref_=tt_dt_bus
Against the Wild,2000000,,http://www.imdb.com/title/tt2475846/business?ref_=tt_dt_bus
Airlift,4400000,,http://www.imdb.com/title/tt4387040/business?ref_=tt_dt_bus
Alexander's Ragtime Band,2000000,,http://www.imdb.com/title/tt0029852/business?ref_=tt_dt_bus
Alien Uprising,2500000,,http://www.imdb.com/title/tt2040578/business?ref_=tt_dt_bus
Alien Zone,350000,,http://www.imdb.com/title/tt0072626/business?ref_=tt_dt_bus
All Hat,5000000,,http://www.imdb.com/title/tt0903131/business?ref_=tt_dt_bus
All Superheroes Must Die,20000,,http://www.imdb.com/title/tt1836212/business?ref_=tt_dt_bus
All That Jazz,,,http://www.imdb.com/title/tt0078754/business?ref_=tt_dt_bus
All the Boys Love Mandy Lane,750000,,http://www.imdb.com/title/tt0490076/business?ref_=tt_dt_bus
Alleluia! The Devil's Carnival,500000,,http://www.imdb.com/title/tt3892618/business?ref_=tt_dt_bus
Along the Roadside,250000,,http://www.imdb.com/title/tt2290113/business?ref_=tt_dt_bus
Alpha and Omega 4: The Legend of the Saw Toothed Cave,7000000,,http://www.imdb.com/title/tt4061848/business?ref_=tt_dt_bus
Always Woodstock,2400000,,http://www.imdb.com/title/tt1995477/business?ref_=tt_dt_bus
America Is Still the Place,,,http://www.imdb.com/title/tt3417110/business?ref_=tt_dt_bus
American Heist,10000000,,http://www.imdb.com/title/tt2923316/business?ref_=tt_dt_bus
American Hero,990000,,http://www.imdb.com/title/tt4733536/business?ref_=tt_dt_bus
Amidst the Devil's Wings,300000,,http://www.imdb.com/title/tt3976258/business?ref_=tt_dt_bus
Amnesiac,3000000,,http://www.imdb.com/title/tt2837336/business?ref_=tt_dt_bus
An American Girl Holiday,200000,,http://www.imdb.com/title/tt0412366/business?ref_=tt_dt_bus
An American in Hollywood,125000,,http://www.imdb.com/title/tt2125430/business?ref_=tt_dt_bus
And Then Came Love,989000,,http://www.imdb.com/title/tt0825346/business?ref_=tt_dt_bus
Anderson's Cross,300000,,http://www.imdb.com/title/tt0393049/business?ref_=tt_dt_bus
Anger Management,,,http://www.imdb.com/title/tt1986770/business?ref_=tt_dt_bus
Animal Kingdom,,,http://www.imdb.com/title/tt5574490/business?ref_=tt_dt_bus
Animal Kingdom: Let's go Ape,,,http://www.imdb.com/title/tt1220911/business?ref_=tt_dt_bus
Animals,,,http://www.imdb.com/title/tt3297554/business?ref_=tt_dt_bus
Animals United,,,http://www.imdb.com/title/tt1620449/business?ref_=tt_dt_bus
Anne of Green Gables,,,http://www.imdb.com/title/tt0088727/business?ref_=tt_dt_bus
Another Happy Day,4000000,,http://www.imdb.com/title/tt1719071/business?ref_=tt_dt_bus
Antibirth,3500000,,http://www.imdb.com/title/tt3333870/business?ref_=tt_dt_bus
Antiviral,3200000,,http://www.imdb.com/title/tt2099556/business?ref_=tt_dt_bus
Archaeology of a Woman,200000,,http://www.imdb.com/title/tt1702455/business?ref_=tt_dt_bus
Area 51,5000000,,http://www.imdb.com/title/tt1519461/business?ref_=tt_dt_bus
Arn: The Knight Templar,25000000,,http://www.imdb.com/title/tt0837106/business?ref_=tt_dt_bus
Aroused,150000,,http://www.imdb.com/title/tt2403815/business?ref_=tt_dt_bus
Arthur,,,http://www.imdb.com/title/tt0169414/business?ref_=tt_dt_bus
Ask Me Anything,950000,,http://www.imdb.com/title/tt2505294/business?ref_=tt_dt_bus
Asterix at the Olympic Games,78000000,,http://www.imdb.com/title/tt0463872/business?ref_=tt_dt_bus
August,,,http://www.imdb.com/title/tt1753460/business?ref_=tt_dt_bus
Automata,7000000,,http://www.imdb.com/title/tt1971325/business?ref_=tt_dt_bus
AWOL-72,3000000,,http://www.imdb.com/title/tt2048865/business?ref_=tt_dt_bus
Bait,30000000,,http://www.imdb.com/title/tt1438173/business?ref_=tt_dt_bus
Bananas,2000000,,http://www.imdb.com/title/tt0066808/business?ref_=tt_dt_bus
Bandidas,32000000,,http://www.imdb.com/title/tt0416496/business?ref_=tt_dt_bus
Bang,,,http://www.imdb.com/title/tt0109266/business?ref_=tt_dt_bus
Bang Bang Baby,1000000,,http://www.imdb.com/title/tt2655734/business?ref_=tt_dt_bus
Banshee Chapter,950000,,http://www.imdb.com/title/tt2011276/business?ref_=tt_dt_bus
Barbarella,9000000,,http://www.imdb.com/title/tt0062711/business?ref_=tt_dt_bus
Barbecue,,,http://www.imdb.com/title/tt3202120/business?ref_=tt_dt_bus
Barfi,,,http://www.imdb.com/title/tt3099638/business?ref_=tt_dt_bus
Barry Lyndon,11000000,,http://www.imdb.com/title/tt0072684/business?ref_=tt_dt_bus
Barry Munday,,,http://www.imdb.com/title/tt0482461/business?ref_=tt_dt_bus
Bathing Beauty,2361000,,http://www.imdb.com/title/tt0036628/business?ref_=tt_dt_bus
Bathory: Countess of Blood,,,http://www.imdb.com/title/tt0469640/business?ref_=tt_dt_bus
"Batman: The Dark Knight Returns, Part 2",3500000,,http://www.imdb.com/title/tt2166834/business?ref_=tt_dt_bus
Batman: The Movie,1377800,,http://www.imdb.com/title/tt0060153/business?ref_=tt_dt_bus
Battle for the Planet of the Apes,1800000,,http://www.imdb.com/title/tt0069768/business?ref_=tt_dt_bus
Below Zero,1200000,,http://www.imdb.com/title/tt1641388/business?ref_=tt_dt_bus
Bending Steel,50000,,http://www.imdb.com/title/tt2181837/business?ref_=tt_dt_bus
Beneath Hill 60,9000000,,http://www.imdb.com/title/tt1418646/business?ref_=tt_dt_bus
Beneath the Planet of the Apes,3000000,,http://www.imdb.com/title/tt0065462/business?ref_=tt_dt_bus
Ben-Hur,,,http://www.imdb.com/title/tt2638144/business?ref_=tt_dt_bus
Bewitched,,,http://www.imdb.com/title/tt0057733/business?ref_=tt_dt_bus
B-Girl,,,http://www.imdb.com/title/tt0964179/business?ref_=tt_dt_bus
Bizarre,500000,,http://www.imdb.com/title/tt3904272/business?ref_=tt_dt_bus
Black November,7500000,,http://www.imdb.com/title/tt2147225/business?ref_=tt_dt_bus
Black Rock,,,http://www.imdb.com/title/tt1930294/business?ref_=tt_dt_bus
Black Water Transit,23000000,,http://www.imdb.com/title/tt0490087/business?ref_=tt_dt_bus
Bled,750000,,http://www.imdb.com/title/tt0997143/business?ref_=tt_dt_bus
Bleeding Hearts,1200000,,http://www.imdb.com/title/tt2622294/business?ref_=tt_dt_bus
Blow Out,18000000,,http://www.imdb.com/title/tt0082085/business?ref_=tt_dt_bus
Body Double,10000000,,http://www.imdb.com/title/tt0086984/business?ref_=tt_dt_bus
Bodyguards and Assassins,23000000,,http://www.imdb.com/title/tt1403130/business?ref_=tt_dt_bus
Bon Cop Bad Cop,8000000,,http://www.imdb.com/title/tt0479647/business?ref_=tt_dt_bus
Bones,,,http://www.imdb.com/title/tt0460627/business?ref_=tt_dt_bus
Boom Town,1614000,,http://www.imdb.com/title/tt0032273/business?ref_=tt_dt_bus
Born of War,5000000,,http://www.imdb.com/title/tt1554921/business?ref_=tt_dt_bus
BrainDead,,,http://www.imdb.com/title/tt4877736/business?ref_=tt_dt_bus
Brave New Girl,,,http://www.imdb.com/title/tt0403118/business?ref_=tt_dt_bus
Brighton Rock,12000000,,http://www.imdb.com/title/tt1233192/business?ref_=tt_dt_bus
Broken Horses,15000000,,http://www.imdb.com/title/tt2503954/business?ref_=tt_dt_bus
Bubba Ho-Tep,1000000,,http://www.imdb.com/title/tt0281686/business?ref_=tt_dt_bus
Buffy the Vampire Slayer,2300000,,http://www.imdb.com/title/tt0118276/business?ref_=tt_dt_bus
Butterfly,,,http://www.imdb.com/title/tt0082122/business?ref_=tt_dt_bus
Butterfly Girl,180000,,http://www.imdb.com/title/tt2421956/business?ref_=tt_dt_bus
C.H.U.D.,1250000,,http://www.imdb.com/title/tt0087015/business?ref_=tt_dt_bus
Cabin Fever,,,http://www.imdb.com/title/tt3832096/business?ref_=tt_dt_bus
Camping sauvage,,,http://www.imdb.com/title/tt0451673/business?ref_=tt_dt_bus
Capricorn One,5000000,,http://www.imdb.com/title/tt0077294/business?ref_=tt_dt_bus
Captain Alatriste: The Spanish Musketeer,24000000,,http://www.imdb.com/title/tt0395119/business?ref_=tt_dt_bus
Cargo,4500000,,http://www.imdb.com/title/tt0381940/business?ref_=tt_dt_bus
Carnage,25000000,,http://www.imdb.com/title/tt1692486/business?ref_=tt_dt_bus
Casablanca,950000,,http://www.imdb.com/title/tt0034583/business?ref_=tt_dt_bus
Cat on a Hot Tin Roof,3000000,,http://www.imdb.com/title/tt0051459/business?ref_=tt_dt_bus
Cat People,18000000,,http://www.imdb.com/title/tt0083722/business?ref_=tt_dt_bus
Catch-22,18000000,,http://www.imdb.com/title/tt0065528/business?ref_=tt_dt_bus
Chain of Command,5000000,,http://www.imdb.com/title/tt4340720/business?ref_=tt_dt_bus
Charly,,,http://www.imdb.com/title/tt0062794/business?ref_=tt_dt_bus
Checkmate,1500000,,http://www.imdb.com/title/tt3781616/business?ref_=tt_dt_bus
Chiamatemi Francesco - Il Papa della gente,15000000,,http://www.imdb.com/title/tt3856124/business?ref_=tt_dt_bus
Chicago Overcoat,3000000,,http://www.imdb.com/title/tt1085382/business?ref_=tt_dt_bus
Chicken Tikka Masala,1200000,,http://www.imdb.com/title/tt0449000/business?ref_=tt_dt_bus
Childless,1000000,,http://www.imdb.com/title/tt0867270/business?ref_=tt_dt_bus
Christmas Eve,,,http://www.imdb.com/title/tt3703148/business?ref_=tt_dt_bus
Christmas Mail,2500000,,http://www.imdb.com/title/tt1663628/business?ref_=tt_dt_bus
Circle,,,http://www.imdb.com/title/tt3118452/business?ref_=tt_dt_bus
Class of 1984,4300000,,http://www.imdb.com/title/tt0083739/business?ref_=tt_dt_bus
Close Range,3000000,,http://www.imdb.com/title/tt3511596/business?ref_=tt_dt_bus
Closer to the Moon,5000000,,http://www.imdb.com/title/tt2017486/business?ref_=tt_dt_bus
Closure,1800000,,http://www.imdb.com/title/tt0480011/business?ref_=tt_dt_bus
Code of Honor,8000000,,http://www.imdb.com/title/tt4060866/business?ref_=tt_dt_bus
Coffee Town,2000000,,http://www.imdb.com/title/tt2234025/business?ref_=tt_dt_bus
Commando,10000000,,http://www.imdb.com/title/tt0088944/business?ref_=tt_dt_bus
Confessions of a Dangerous Mind,29000000,,http://www.imdb.com/title/tt0270288/business?ref_=tt_dt_bus
Conquest of the Planet of the Apes,1700000,,http://www.imdb.com/title/tt0068408/business?ref_=tt_dt_bus
Constantine,,,http://www.imdb.com/title/tt3489184/business?ref_=tt_dt_bus
Containment,,,http://www.imdb.com/title/tt3561236/business?ref_=tt_dt_bus
Cotton Comes to Harlem,1200000,,http://www.imdb.com/title/tt0065579/business?ref_=tt_dt_bus
Counting,50000,,http://www.imdb.com/title/tt4462082/business?ref_=tt_dt_bus
Crazy Stone,3000000,,http://www.imdb.com/title/tt0843270/business?ref_=tt_dt_bus
Creature,,,http://www.imdb.com/title/tt0156205/business?ref_=tt_dt_bus
Creepshow,8000000,,http://www.imdb.com/title/tt0083767/business?ref_=tt_dt_bus
Cries & Whispers,400000,,http://www.imdb.com/title/tt0069467/business?ref_=tt_dt_bus
Criminal Activities,7000000,,http://www.imdb.com/title/tt3687310/business?ref_=tt_dt_bus
Crop Circles: Quest for Truth,750000,,http://www.imdb.com/title/tt0331225/business?ref_=tt_dt_bus
Crowsnest,1200000,,http://www.imdb.com/title/tt2180333/business?ref_=tt_dt_bus
Crying with Laughter,,,http://www.imdb.com/title/tt1349478/business?ref_=tt_dt_bus
Cypher,7500000,,http://www.imdb.com/title/tt0284978/business?ref_=tt_dt_bus
Da Sweet Blood of Jesus,1420000,,http://www.imdb.com/title/tt3104930/business?ref_=tt_dt_bus
Damnation Alley,17000000,,http://www.imdb.com/title/tt0075909/business?ref_=tt_dt_bus
Dancin' It's On,12000000,,http://www.imdb.com/title/tt2598580/business?ref_=tt_dt_bus
Daredevil,,,http://www.imdb.com/title/tt3322312/business?ref_=tt_dt_bus
Dark Angel,,,http://www.imdb.com/title/tt0204993/business?ref_=tt_dt_bus
Dawn of the Crescent Moon,75000,,http://www.imdb.com/title/tt3157318/business?ref_=tt_dt_bus
Dawn Patrol,3500000,,http://www.imdb.com/title/tt2073661/business?ref_=tt_dt_bus
Day of the Dead,3500000,,http://www.imdb.com/title/tt0088993/business?ref_=tt_dt_bus
Day One,3400000,,http://www.imdb.com/title/tt1850418/business?ref_=tt_dt_bus
Days of Heaven,3000000,,http://www.imdb.com/title/tt0077405/business?ref_=tt_dt_bus
Dead Like Me: Life After Death,5000000,,http://www.imdb.com/title/tt1079444/business?ref_=tt_dt_bus
Deadline - U.S.A.,,,http://www.imdb.com/title/tt0044533/business?ref_=tt_dt_bus
Deadline Gallipoli,15000000,,http://www.imdb.com/title/tt3458030/business?ref_=tt_dt_bus
Death Calls,290000,,http://www.imdb.com/title/tt1328873/business?ref_=tt_dt_bus
Death Race 2000,300000,,http://www.imdb.com/title/tt0072856/business?ref_=tt_dt_bus
Decoys,5000000,,http://www.imdb.com/title/tt0357585/business?ref_=tt_dt_bus
Def-Con 4,1750000,,http://www.imdb.com/title/tt0087130/business?ref_=tt_dt_bus
Defiance,,,http://www.imdb.com/title/tt2189221/business?ref_=tt_dt_bus
Del 1 - M???n som hatar kvinnor,,,http://www.imdb.com/title/tt1639008/business?ref_=tt_dt_bus
Demonic,3000000,,http://www.imdb.com/title/tt1841642/business?ref_=tt_dt_bus
Departure,1100000,,http://www.imdb.com/title/tt2248739/business?ref_=tt_dt_bus
Destiny,,,http://www.imdb.com/title/tt2983582/business?ref_=tt_dt_bus
Detention,10000000,,http://www.imdb.com/title/tt1701990/business?ref_=tt_dt_bus
Diamond Ruff,500000,,http://www.imdb.com/title/tt2111292/business?ref_=tt_dt_bus
Doc Holliday's Revenge,1000000,,http://www.imdb.com/title/tt3359872/business?ref_=tt_dt_bus
Don McKay,,,http://www.imdb.com/title/tt1281374/business?ref_=tt_dt_bus
Donovan's Reef,2686585,,http://www.imdb.com/title/tt0057007/business?ref_=tt_dt_bus
Down for Life,,,http://www.imdb.com/title/tt1056477/business?ref_=tt_dt_bus
Dr. Strangelove or: How I Learned to Stop Worrying and Love the Bomb,1800000,,http://www.imdb.com/title/tt0057012/business?ref_=tt_dt_bus
Dragon Hunters,11000000,,http://www.imdb.com/title/tt0944834/business?ref_=tt_dt_bus
Dragon Nest: Warriors' Dawn,40000000,,http://www.imdb.com/title/tt2911342/business?ref_=tt_dt_bus
Drive Hard,12000000,,http://www.imdb.com/title/tt2968804/business?ref_=tt_dt_bus
Dry Spell,22000,,http://www.imdb.com/title/tt2375036/business?ref_=tt_dt_bus
"Dude, Where's My Dog",20000,,http://www.imdb.com/title/tt3109200/business?ref_=tt_dt_bus
Dungeons & Dragons: Wrath of the Dragon God,15000000,,http://www.imdb.com/title/tt0406728/business?ref_=tt_dt_bus
Dutch Kills,25000,,http://www.imdb.com/title/tt2759066/business?ref_=tt_dt_bus
Dwegons and Leprechauns,20000000,,http://www.imdb.com/title/tt1134666/business?ref_=tt_dt_bus
Dying of the Light,5000000,,http://www.imdb.com/title/tt1274586/business?ref_=tt_dt_bus
Dysfunctional Friends,1800000,,http://www.imdb.com/title/tt1653002/business?ref_=tt_dt_bus
Echo Dr.,100000,,http://www.imdb.com/title/tt2343473/business?ref_=tt_dt_bus
Ed and His Dead Mother,1800000,,http://www.imdb.com/title/tt0106792/business?ref_=tt_dt_bus
Eden,,,http://www.imdb.com/title/tt3032282/business?ref_=tt_dt_bus
Elmer Gantry,3000000,,http://www.imdb.com/title/tt0053793/business?ref_=tt_dt_bus
Elsa & Fred,10000000,,http://www.imdb.com/title/tt2113659/business?ref_=tt_dt_bus
Elza,900000,,http://www.imdb.com/title/tt1852001/business?ref_=tt_dt_bus
Emma,,,http://www.imdb.com/title/tt1366312/business?ref_=tt_dt_bus
Empire,,,http://www.imdb.com/title/tt3228904/business?ref_=tt_dt_bus
Enter Nowhere,500000,,http://www.imdb.com/title/tt1631707/business?ref_=tt_dt_bus
Enter the Dangerous Mind,800000,,http://www.imdb.com/title/tt2229377/business?ref_=tt_dt_bus
Entourage,,,http://www.imdb.com/title/tt0387199/business?ref_=tt_dt_bus
Eraserhead,20000,,http://www.imdb.com/title/tt0074486/business?ref_=tt_dt_bus
Escape from the Planet of the Apes,2500000,,http://www.imdb.com/title/tt0067065/business?ref_=tt_dt_bus
Eureka,,,http://www.imdb.com/title/tt0796264/business?ref_=tt_dt_bus
Everything Put Together,100000,,http://www.imdb.com/title/tt0228277/business?ref_=tt_dt_bus
Everything You Always Wanted to Know About Sex * But Were Afraid to Ask,2000000,,http://www.imdb.com/title/tt0068555/business?ref_=tt_dt_bus
Evolution,,,http://www.imdb.com/title/tt4291590/business?ref_=tt_dt_bus
Exam,,,http://www.imdb.com/title/tt1258197/business?ref_=tt_dt_bus
Exeter,,,http://www.imdb.com/title/tt1945044/business?ref_=tt_dt_bus
Exorcist II: The Heretic,14000000,,http://www.imdb.com/title/tt0076009/business?ref_=tt_dt_bus
Extreme Movie,,,http://www.imdb.com/title/tt0806147/business?ref_=tt_dt_bus
Eye See You,55000000,,http://www.imdb.com/title/tt0160184/business?ref_=tt_dt_bus
F.I.S.T.,11000000,,http://www.imdb.com/title/tt0077531/business?ref_=tt_dt_bus
Faith Connections,550000,,http://www.imdb.com/title/tt2768766/business?ref_=tt_dt_bus
Faith Like Potatoes,10000000,,http://www.imdb.com/title/tt0850667/business?ref_=tt_dt_bus
Family Plot,4490375,,http://www.imdb.com/title/tt0074512/business?ref_=tt_dt_bus
Far from Men,7700000,,http://www.imdb.com/title/tt2936180/business?ref_=tt_dt_bus
Farce of the Penguins,,,http://www.imdb.com/title/tt0488539/business?ref_=tt_dt_bus
Fargo,,,http://www.imdb.com/title/tt2802850/business?ref_=tt_dt_bus
Fast Times at Ridgemont High,4500000,,http://www.imdb.com/title/tt0083929/business?ref_=tt_dt_bus
"Fat, Sick & Nearly Dead",2500000,,http://www.imdb.com/title/tt1227378/business?ref_=tt_dt_bus
Fear Clinic,1000000,,http://www.imdb.com/title/tt2165765/business?ref_=tt_dt_bus
Feast,3200000,,http://www.imdb.com/title/tt0426459/business?ref_=tt_dt_bus
Fetching Cody,1500000,,http://www.imdb.com/title/tt0475271/business?ref_=tt_dt_bus
Fifty Dead Men Walking,6000000,,http://www.imdb.com/title/tt1097643/business?ref_=tt_dt_bus
Fight to the Finish,150000,,http://www.imdb.com/title/tt3152288/business?ref_=tt_dt_bus
Fight Valley,27000000,,http://www.imdb.com/title/tt4280822/business?ref_=tt_dt_bus
Fired Up,,,http://www.imdb.com/title/tt0118315/business?ref_=tt_dt_bus
Firestorm,,,http://www.imdb.com/title/tt3341072/business?ref_=tt_dt_bus
First Blood,14000000,,http://www.imdb.com/title/tt0083944/business?ref_=tt_dt_bus
Flash Gordon,20000000,,http://www.imdb.com/title/tt0080745/business?ref_=tt_dt_bus
Florence Foster Jenkins,29000000,,http://www.imdb.com/title/tt4136084/business?ref_=tt_dt_bus
Flying By,,,http://www.imdb.com/title/tt1131732/business?ref_=tt_dt_bus
Flywheel,20000,,http://www.imdb.com/title/tt0425027/business?ref_=tt_dt_bus
Food Chains,913000,,http://www.imdb.com/title/tt2141739/business?ref_=tt_dt_bus
Foodfight!,65000000,,http://www.imdb.com/title/tt0249516/business?ref_=tt_dt_bus
Force 10 from Navarone,5000000,,http://www.imdb.com/title/tt0077572/business?ref_=tt_dt_bus
Forget Me Not,1300000,,http://www.imdb.com/title/tt1147684/business?ref_=tt_dt_bus
Forsaken,11000000,,http://www.imdb.com/title/tt2271563/business?ref_=tt_dt_bus
Forty Shades of Blue,1500000,,http://www.imdb.com/title/tt0395543/business?ref_=tt_dt_bus
Four Single Fathers,3000000,,http://www.imdb.com/title/tt1252289/business?ref_=tt_dt_bus
Frat Party,1000000,,http://www.imdb.com/title/tt1414361/business?ref_=tt_dt_bus
Freaky Deaky,6000000,,http://www.imdb.com/title/tt0938305/business?ref_=tt_dt_bus
Freedom,14500000,,http://www.imdb.com/title/tt2584018/business?ref_=tt_dt_bus
Freeway,3000000,,http://www.imdb.com/title/tt0116361/business?ref_=tt_dt_bus
Freeze Frame,2000000,,http://www.imdb.com/title/tt0363095/business?ref_=tt_dt_bus
Frenzy,2000000,,http://www.imdb.com/title/tt0068611/business?ref_=tt_dt_bus
Friday Night Lights,,,http://www.imdb.com/title/tt0758745/business?ref_=tt_dt_bus
From Here to Eternity,1650000,,http://www.imdb.com/title/tt0045793/business?ref_=tt_dt_bus
Fugly,,,http://www.imdb.com/title/tt3683702/business?ref_=tt_dt_bus
Funny Ha Ha,,,http://www.imdb.com/title/tt0327753/business?ref_=tt_dt_bus
Gabriela,,,http://www.imdb.com/title/tt0085575/business?ref_=tt_dt_bus
Galaxina,,,http://www.imdb.com/title/tt0080771/business?ref_=tt_dt_bus
Gandhi,22000000,,http://www.imdb.com/title/tt0083987/business?ref_=tt_dt_bus
Gentleman's Agreement,2000000,,http://www.imdb.com/title/tt0039416/business?ref_=tt_dt_bus
George and the Dragon,32000000,,http://www.imdb.com/title/tt0306892/business?ref_=tt_dt_bus
Get Real,,,http://www.imdb.com/title/tt0212662/business?ref_=tt_dt_bus
Ghost Hunters,,,http://www.imdb.com/title/tt0426697/business?ref_=tt_dt_bus
Girl House,3150000,,http://www.imdb.com/title/tt2577172/business?ref_=tt_dt_bus
Girls Gone Dead,500000,,http://www.imdb.com/title/tt1884318/business?ref_=tt_dt_bus
Give Me Shelter,250000,,http://www.imdb.com/title/tt2559658/business?ref_=tt_dt_bus
Goddess of Love,,,http://www.imdb.com/title/tt3432552/business?ref_=tt_dt_bus
Godzilla Resurgence,,,http://www.imdb.com/title/tt4262980/business?ref_=tt_dt_bus
Gomorrah,,,http://www.imdb.com/title/tt2049116/business?ref_=tt_dt_bus
"Gone, Baby, Gone",,,http://www.imdb.com/title/tt1697237/business?ref_=tt_dt_bus
Good Intentions,10000000,,http://www.imdb.com/title/tt1070781/business?ref_=tt_dt_bus
Grabbers,4000000,,http://www.imdb.com/title/tt1525366/business?ref_=tt_dt_bus
Grace of Monaco,30000000,,http://www.imdb.com/title/tt2095649/business?ref_=tt_dt_bus
Graduation Day,250000,,http://www.imdb.com/title/tt0082467/business?ref_=tt_dt_bus
Grand Theft Parsons,,,http://www.imdb.com/title/tt0338075/business?ref_=tt_dt_bus
Grave Encounters,100000,,http://www.imdb.com/title/tt1703199/business?ref_=tt_dt_bus
Green Street 3: Never Back Down,,,http://www.imdb.com/title/tt2628316/business?ref_=tt_dt_bus
Griff the Invisible,,,http://www.imdb.com/title/tt1509803/business?ref_=tt_dt_bus
Growing Up Smith,2000000,,http://www.imdb.com/title/tt1105355/business?ref_=tt_dt_bus
Gunless,10000000,,http://www.imdb.com/title/tt1376195/business?ref_=tt_dt_bus
H.,,,http://www.imdb.com/title/tt3666210/business?ref_=tt_dt_bus
Hachi: A Dog's Tale,16000000,,http://www.imdb.com/title/tt1028532/business?ref_=tt_dt_bus
Hands of Stone,20000000,,http://www.imdb.com/title/tt1781827/business?ref_=tt_dt_bus
Hang 'Em High,1800000,,http://www.imdb.com/title/tt0061747/business?ref_=tt_dt_bus
Hannibal,,,http://www.imdb.com/title/tt2243973/business?ref_=tt_dt_bus
Hansel & Gretel Get Baked,4500000,,http://www.imdb.com/title/tt2081194/business?ref_=tt_dt_bus
Happy Valley,,,http://www.imdb.com/title/tt3428912/business?ref_=tt_dt_bus
Hard to Be a God,7000000,,http://www.imdb.com/title/tt2328813/business?ref_=tt_dt_bus
Harlock: Space Pirate,30000000,,http://www.imdb.com/title/tt2668134/business?ref_=tt_dt_bus
Harper,3500000,,http://www.imdb.com/title/tt0060490/business?ref_=tt_dt_bus
Harrison Montgomery,850000,,http://www.imdb.com/title/tt0870118/business?ref_=tt_dt_bus
Harry Potter and the Deathly Hallows: Part I,,,http://www.imdb.com/title/tt1571403/business?ref_=tt_dt_bus
Harry Potter and the Deathly Hallows: Part II,,,http://www.imdb.com/title/tt1680310/business?ref_=tt_dt_bus
Hatchet,1500000,,http://www.imdb.com/title/tt0422401/business?ref_=tt_dt_bus
Hayride,60000,,http://www.imdb.com/title/tt1861343/business?ref_=tt_dt_bus
Heartbeeps,10000000,,http://www.imdb.com/title/tt0082507/business?ref_=tt_dt_bus
Heavy Metal,9300000,,http://www.imdb.com/title/tt0082509/business?ref_=tt_dt_bus
Heist,19000000,,http://www.imdb.com/title/tt3276924/business?ref_=tt_dt_bus
Heli,1000000,,http://www.imdb.com/title/tt2852376/business?ref_=tt_dt_bus
Hell's Angels,3950000,,http://www.imdb.com/title/tt0020960/business?ref_=tt_dt_bus
Henry & Me,10000000,,http://www.imdb.com/title/tt1460798/business?ref_=tt_dt_bus
Her Cry: La Llorona Investigation,60000,,http://www.imdb.com/title/tt2469216/business?ref_=tt_dt_bus
Heroes,,,http://www.imdb.com/title/tt0813715/business?ref_=tt_dt_bus
Heroes of Dirt,,,http://www.imdb.com/title/tt1934172/business?ref_=tt_dt_bus
Hidden Away,,,http://www.imdb.com/title/tt3289362/business?ref_=tt_dt_bus
High Anxiety,3400000,,http://www.imdb.com/title/tt0076141/business?ref_=tt_dt_bus
High Noon,750000,,http://www.imdb.com/title/tt0044706/business?ref_=tt_dt_bus
High Plains Drifter,5500000,,http://www.imdb.com/title/tt0068699/business?ref_=tt_dt_bus
High Road,,,http://www.imdb.com/title/tt1692084/business?ref_=tt_dt_bus
High School Musical,4200000,,http://www.imdb.com/title/tt0475293/business?ref_=tt_dt_bus
High School Musical 2,7000000,,http://www.imdb.com/title/tt0810900/business?ref_=tt_dt_bus
Highway,14000000,,http://www.imdb.com/title/tt0165361/business?ref_=tt_dt_bus
History of the World: Part I,11000000,,http://www.imdb.com/title/tt0082517/business?ref_=tt_dt_bus
Hit the Floor,,,http://www.imdb.com/title/tt2368645/business?ref_=tt_dt_bus
Hits,1000000,,http://www.imdb.com/title/tt3145220/business?ref_=tt_dt_bus
Holy Motors,,,http://www.imdb.com/title/tt2076220/business?ref_=tt_dt_bus
Home Movies,,,http://www.imdb.com/title/tt0197159/business?ref_=tt_dt_bus
Horse Camp,250000,,http://www.imdb.com/title/tt3421204/business?ref_=tt_dt_bus
House at the End of the Drive,1400000,,http://www.imdb.com/title/tt0464054/business?ref_=tt_dt_bus
House of Sand,8000000,,http://www.imdb.com/title/tt0373747/business?ref_=tt_dt_bus
Housebound,350000,,http://www.imdb.com/title/tt3504048/business?ref_=tt_dt_bus
How Green Was My Valley,1250000,,http://www.imdb.com/title/tt0033729/business?ref_=tt_dt_bus
How to Fall in Love,4000000,,http://www.imdb.com/title/tt2395247/business?ref_=tt_dt_bus
Hud,2500000,,http://www.imdb.com/title/tt0057163/business?ref_=tt_dt_bus
Hum To Mohabbat Karega,,,http://www.imdb.com/title/tt0249588/business?ref_=tt_dt_bus
I Am Wrath,18000000,,http://www.imdb.com/title/tt3212232/business?ref_=tt_dt_bus
I Come with the Rain,18000000,,http://www.imdb.com/title/tt1024744/business?ref_=tt_dt_bus
Iguana,3000000,,http://www.imdb.com/title/tt0095354/business?ref_=tt_dt_bus
Impact Point,2200000,,http://www.imdb.com/title/tt1086841/business?ref_=tt_dt_bus
In Cold Blood,3500000,,http://www.imdb.com/title/tt0061809/business?ref_=tt_dt_bus
In the Heat of the Night,,,http://www.imdb.com/title/tt0094484/business?ref_=tt_dt_bus
In the Name of the King: The Last Job,3500000,,http://www.imdb.com/title/tt2379386/business?ref_=tt_dt_bus
Inchon,48000000,,http://www.imdb.com/title/tt0084132/business?ref_=tt_dt_bus
Independence Daysaster,1800000,,http://www.imdb.com/title/tt2645670/business?ref_=tt_dt_bus
Indie Game: The Movie,100000,,http://www.imdb.com/title/tt1942884/business?ref_=tt_dt_bus
Ink,,,http://www.imdb.com/title/tt1071804/business?ref_=tt_dt_bus
Insomnia Manica,500000,,http://www.imdb.com/title/tt0455556/business?ref_=tt_dt_bus
Into the Grizzly Maze,10000000,,http://www.imdb.com/title/tt1694021/business?ref_=tt_dt_bus
Intolerance: Love's Struggle Throughout the Ages,385907,,http://www.imdb.com/title/tt0006864/business?ref_=tt_dt_bus
Invasion U.S.A.,10000000,,http://www.imdb.com/title/tt0089348/business?ref_=tt_dt_bus
Iraq for Sale: The War Profiteers,750000,,http://www.imdb.com/title/tt0815181/business?ref_=tt_dt_bus
Ironclad,25000000,,http://www.imdb.com/title/tt1233301/business?ref_=tt_dt_bus
Irreplaceable,,,http://www.imdb.com/title/tt5078326/business?ref_=tt_dt_bus
It Happened One Night,325000,,http://www.imdb.com/title/tt0025316/business?ref_=tt_dt_bus
It's a Wonderful Afterlife,10000000,,http://www.imdb.com/title/tt1319716/business?ref_=tt_dt_bus
It's a Wonderful Life,3180000,,http://www.imdb.com/title/tt0038650/business?ref_=tt_dt_bus
It's Always Sunny in Philadelphia,,,http://www.imdb.com/title/tt0472954/business?ref_=tt_dt_bus
Jack Brooks: Monster Slayer,2500000,,http://www.imdb.com/title/tt0816539/business?ref_=tt_dt_bus
Jekyll and Hyde... Together Again,5000000,,http://www.imdb.com/title/tt0084171/business?ref_=tt_dt_bus
Jesse,,,http://www.imdb.com/title/tt0156196/business?ref_=tt_dt_bus
Jesus People,,,http://www.imdb.com/title/tt1003002/business?ref_=tt_dt_bus
Jimmy and Judy,1000000,,http://www.imdb.com/title/tt0425151/business?ref_=tt_dt_bus
Johnny Suede,500000,,http://www.imdb.com/title/tt0104567/business?ref_=tt_dt_bus
Journey to Saturn,,,http://www.imdb.com/title/tt1095423/business?ref_=tt_dt_bus
Judgment at Nuremberg,3000000,,http://www.imdb.com/title/tt0055031/business?ref_=tt_dt_bus
Julia,7840000,,http://www.imdb.com/title/tt0076245/business?ref_=tt_dt_bus
Julija in alfa Romeo,500000,,http://www.imdb.com/title/tt4374230/business?ref_=tt_dt_bus
Jungle Shuffle,10000000,,http://www.imdb.com/title/tt2722786/business?ref_=tt_dt_bus
Karachi se Lahore,1000000,,http://www.imdb.com/title/tt4590482/business?ref_=tt_dt_bus
Khumba,20000000,,http://www.imdb.com/title/tt1487931/business?ref_=tt_dt_bus
Kickboxer: Vengeance,17000000,,http://www.imdb.com/title/tt3082898/business?ref_=tt_dt_bus
Kicks,,,http://www.imdb.com/title/tt4254584/business?ref_=tt_dt_bus
Krrish,10000000,,http://www.imdb.com/title/tt0432637/business?ref_=tt_dt_bus
Krull,27000000,,http://www.imdb.com/title/tt0085811/business?ref_=tt_dt_bus
Krush Groove,3000000,,http://www.imdb.com/title/tt0089444/business?ref_=tt_dt_bus
La Famille B??lier,11000000,,http://www.imdb.com/title/tt3547740/business?ref_=tt_dt_bus
Ladyhawke,20000000,,http://www.imdb.com/title/tt0089457/business?ref_=tt_dt_bus
Lage Raho Munna Bhai,120000000,,http://www.imdb.com/title/tt0456144/business?ref_=tt_dt_bus
Lake Mungo,1400000,,http://www.imdb.com/title/tt0816556/business?ref_=tt_dt_bus
Last Man Standing,,,http://www.imdb.com/title/tt1828327/business?ref_=tt_dt_bus
Legend of Kung Fu Rabbit,,,http://www.imdb.com/title/tt1876517/business?ref_=tt_dt_bus
Let's Kill Ward's Wife,5000000,,http://www.imdb.com/title/tt2980708/business?ref_=tt_dt_bus
Lies in Plain Sight,2100000,,http://www.imdb.com/title/tt1675312/business?ref_=tt_dt_bus
Life,,,http://www.imdb.com/title/tt0874936/business?ref_=tt_dt_bus
Lifeforce,25000000,,http://www.imdb.com/title/tt0089489/business?ref_=tt_dt_bus
Light from the Darkroom,600000,,http://www.imdb.com/title/tt3130704/business?ref_=tt_dt_bus
Lilyhammer,34000000,,http://www.imdb.com/title/tt1958961/business?ref_=tt_dt_bus
Limitless,,,http://www.imdb.com/title/tt4422836/business?ref_=tt_dt_bus
Lion of the Desert,35000000,,http://www.imdb.com/title/tt0081059/business?ref_=tt_dt_bus
Listening,,,http://www.imdb.com/title/tt3153582/business?ref_=tt_dt_bus
Little Big Top,240000,,http://www.imdb.com/title/tt0469690/business?ref_=tt_dt_bus
Little Nicholas,,,http://www.imdb.com/title/tt1264904/business?ref_=tt_dt_bus
Live-In Maid,800000,,http://www.imdb.com/title/tt0356453/business?ref_=tt_dt_bus
Living Dark: The Story of Ted the Caver,1750000,,http://www.imdb.com/title/tt2100573/business?ref_=tt_dt_bus
LOL,11000000,,http://www.imdb.com/title/tt1592873/business?ref_=tt_dt_bus
Lolita,2000000,,http://www.imdb.com/title/tt0056193/business?ref_=tt_dt_bus
London to Brighton,500000,,http://www.imdb.com/title/tt0490166/business?ref_=tt_dt_bus
Loose Cannons,,,http://www.imdb.com/title/tt1405810/business?ref_=tt_dt_bus
Lords of London,3440000,,http://www.imdb.com/title/tt1800337/business?ref_=tt_dt_bus
Losin' It,7000000,,http://www.imdb.com/title/tt0085868/business?ref_=tt_dt_bus
Love in the Time of Monsters,500000,,http://www.imdb.com/title/tt2403415/business?ref_=tt_dt_bus
Love Letters,550000,,http://www.imdb.com/title/tt0085871/business?ref_=tt_dt_bus
Love Me Tender,1000000,,http://www.imdb.com/title/tt0049452/business?ref_=tt_dt_bus
Lovesick,,,http://www.imdb.com/title/tt4051832/business?ref_=tt_dt_bus
Loving Annabelle,1000000,,http://www.imdb.com/title/tt0323120/business?ref_=tt_dt_bus
Luther,,,http://www.imdb.com/title/tt1474684/business?ref_=tt_dt_bus
M*A*S*H,,,http://www.imdb.com/title/tt0068098/business?ref_=tt_dt_bus
Machine Gun McCain,,,http://www.imdb.com/title/tt0065895/business?ref_=tt_dt_bus
Mad Max,200000,,http://www.imdb.com/title/tt0079501/business?ref_=tt_dt_bus
Malevolence,200000,,http://www.imdb.com/title/tt0388230/business?ref_=tt_dt_bus
Manito,24000,,http://www.imdb.com/title/tt0298050/business?ref_=tt_dt_bus
McHale's Navy,,,http://www.imdb.com/title/tt0055689/business?ref_=tt_dt_bus
Me You and Five Bucks,1500000,,http://www.imdb.com/title/tt2265431/business?ref_=tt_dt_bus
Meet the Browns,,,http://www.imdb.com/title/tt1319598/business?ref_=tt_dt_bus
Men of War,8600000,,http://www.imdb.com/title/tt0110490/business?ref_=tt_dt_bus
Meteor,16000000,,http://www.imdb.com/title/tt0079550/business?ref_=tt_dt_bus
Miami Vice,1500000,,http://www.imdb.com/title/tt0086759/business?ref_=tt_dt_bus
Midnight Cabaret,,,http://www.imdb.com/title/tt0100146/business?ref_=tt_dt_bus
Midnight Cowboy,3600000,,http://www.imdb.com/title/tt0064665/business?ref_=tt_dt_bus
Misconduct,11000000,,http://www.imdb.com/title/tt3658772/business?ref_=tt_dt_bus
Miss Julie,5500000,,http://www.imdb.com/title/tt2667960/business?ref_=tt_dt_bus
Moby Dick,4500000,,http://www.imdb.com/title/tt0049513/business?ref_=tt_dt_bus
Modern Problems,8000000,,http://www.imdb.com/title/tt0082763/business?ref_=tt_dt_bus
Mommie Dearest,5000000,,http://www.imdb.com/title/tt0082766/business?ref_=tt_dt_bus
Mooz-Lum,,,http://www.imdb.com/title/tt1450328/business?ref_=tt_dt_bus
Mr. Church,8000000,,http://www.imdb.com/title/tt4196848/business?ref_=tt_dt_bus
Mr. Smith Goes to Washington,1500000,,http://www.imdb.com/title/tt0031679/business?ref_=tt_dt_bus
Mutant World,1500000,,http://www.imdb.com/title/tt3626436/business?ref_=tt_dt_bus
Mutual Appreciation,,,http://www.imdb.com/title/tt0446747/business?ref_=tt_dt_bus
Mutual Friends,450000,,http://www.imdb.com/title/tt2112209/business?ref_=tt_dt_bus
My Beautiful Laundrette,650000,,http://www.imdb.com/title/tt0091578/business?ref_=tt_dt_bus
My Big Fat Independent Movie,3000000,,http://www.imdb.com/title/tt0385890/business?ref_=tt_dt_bus
My Last Day Without You,1000000,,http://www.imdb.com/title/tt1679248/business?ref_=tt_dt_bus
Navy Seals vs. Zombies,,,http://www.imdb.com/title/tt4511566/business?ref_=tt_dt_bus
Network,3800000,,http://www.imdb.com/title/tt0074958/business?ref_=tt_dt_bus
Never Back Down 2: The Beatdown,3000000,,http://www.imdb.com/title/tt1754264/business?ref_=tt_dt_bus
"New York, New York",14000000,,http://www.imdb.com/title/tt0076451/business?ref_=tt_dt_bus
Niagara,1250000,,http://www.imdb.com/title/tt0046126/business?ref_=tt_dt_bus
Night of the Living Dead,114000,,http://www.imdb.com/title/tt0063350/business?ref_=tt_dt_bus
Nighthawks,5000000,,http://www.imdb.com/title/tt0082817/business?ref_=tt_dt_bus
Nikita,,,http://www.imdb.com/title/tt1592154/business?ref_=tt_dt_bus
Nine Dead,2000000,,http://www.imdb.com/title/tt0959329/business?ref_=tt_dt_bus
No Man's Land: The Rise of Reeker,2000000,,http://www.imdb.com/title/tt1090671/business?ref_=tt_dt_bus
No Vacancy,4000000,,http://www.imdb.com/title/tt1854582/business?ref_=tt_dt_bus
Nothing,,,http://www.imdb.com/title/tt0298482/business?ref_=tt_dt_bus
Now Is Good,,,http://www.imdb.com/title/tt1937264/business?ref_=tt_dt_bus
Nurse 3D,10000000,,http://www.imdb.com/title/tt1913166/business?ref_=tt_dt_bus
Obitaemyy ostrov,29500000,,http://www.imdb.com/title/tt0972558/business?ref_=tt_dt_bus
On the Downlow,,,http://www.imdb.com/title/tt0390323/business?ref_=tt_dt_bus
On the Outs,,,http://www.imdb.com/title/tt0389235/business?ref_=tt_dt_bus
Once Upon a Time in Queens,1500000,,http://www.imdb.com/title/tt1639397/business?ref_=tt_dt_bus
Once Upon a Time in the West,5000000,,http://www.imdb.com/title/tt0064116/business?ref_=tt_dt_bus
Open Road,3000000,,http://www.imdb.com/title/tt1922679/business?ref_=tt_dt_bus
Open Secret,,,http://www.imdb.com/title/tt0040671/business?ref_=tt_dt_bus
Ordet,,,http://www.imdb.com/title/tt0048452/business?ref_=tt_dt_bus
Out of Inferno,,,http://www.imdb.com/title/tt2957680/business?ref_=tt_dt_bus
Out of the Blue,2200000,,http://www.imdb.com/title/tt0081291/business?ref_=tt_dt_bus
Out of the Dark,,,http://www.imdb.com/title/tt2872724/business?ref_=tt_dt_bus
Outlander,,,http://www.imdb.com/title/tt3006802/business?ref_=tt_dt_bus
Outside Bet,7500000,,http://www.imdb.com/title/tt1772422/business?ref_=tt_dt_bus
Paint Your Wagon,20000000,,http://www.imdb.com/title/tt0064782/business?ref_=tt_dt_bus
Pandaemonium,15000000,,http://www.imdb.com/title/tt0210217/business?ref_=tt_dt_bus
Partition,10000000,,http://www.imdb.com/title/tt0213985/business?ref_=tt_dt_bus
Passchendaele,20000000,,http://www.imdb.com/title/tt1092082/business?ref_=tt_dt_bus
Pat Garrett & Billy the Kid,4638783,,http://www.imdb.com/title/tt0070518/business?ref_=tt_dt_bus
Patton,12000000,,http://www.imdb.com/title/tt0066206/business?ref_=tt_dt_bus
"Peace, Propaganda & the Promised Land",70000,,http://www.imdb.com/title/tt0428959/business?ref_=tt_dt_bus
Penitentiary,100000,,http://www.imdb.com/title/tt0079709/business?ref_=tt_dt_bus
Perception,,,http://www.imdb.com/title/tt1714204/business?ref_=tt_dt_bus
Perfect Cowboy,200000,,http://www.imdb.com/title/tt3581098/business?ref_=tt_dt_bus
Pete's Dragon,65000000,,http://www.imdb.com/title/tt2788732/business?ref_=tt_dt_bus
Pierrot le Fou,300000,,http://www.imdb.com/title/tt0059592/business?ref_=tt_dt_bus
Plastic,10000000,,http://www.imdb.com/title/tt2556874/business?ref_=tt_dt_bus
Pocketful of Miracles,2900000,,http://www.imdb.com/title/tt0055312/business?ref_=tt_dt_bus
Point Blank,3000000,,http://www.imdb.com/title/tt0062138/business?ref_=tt_dt_bus
Pokmon 3: The Movie,16000000,,http://www.imdb.com/title/tt0235679/business?ref_=tt_dt_bus
Pound of Flesh,7500000,,http://www.imdb.com/title/tt3488328/business?ref_=tt_dt_bus
Preacher,,,http://www.imdb.com/title/tt5016504/business?ref_=tt_dt_bus
Prophecy,12000000,,http://www.imdb.com/title/tt0079758/business?ref_=tt_dt_bus
Proud,1000000,,http://www.imdb.com/title/tt0393616/business?ref_=tt_dt_bus
Psych,,,http://www.imdb.com/title/tt0491738/business?ref_=tt_dt_bus
Purple Violets,4000000,,http://www.imdb.com/title/tt0491109/business?ref_=tt_dt_bus
Q,1500000,,http://www.imdb.com/title/tt1879030/business?ref_=tt_dt_bus
Queen Crab,75000,,http://www.imdb.com/title/tt2319456/business?ref_=tt_dt_bus
Queen of the Mountains,1400000,,http://www.imdb.com/title/tt2640460/business?ref_=tt_dt_bus
Quest for Fire,12500000,,http://www.imdb.com/title/tt0082484/business?ref_=tt_dt_bus
Quo Vadis,7623000,,http://www.imdb.com/title/tt0043949/business?ref_=tt_dt_bus
R.L. Stine's Monsterville: The Cabinet of Souls,4400000,,http://www.imdb.com/title/tt4386242/business?ref_=tt_dt_bus
Ramanujan,,,http://www.imdb.com/title/tt3037162/business?ref_=tt_dt_bus
Rampage,,,http://www.imdb.com/title/tt1337057/business?ref_=tt_dt_bus
Raymond Did It,40000,,http://www.imdb.com/title/tt1716760/business?ref_=tt_dt_bus
Rebecca,1288000,,http://www.imdb.com/title/tt0032976/business?ref_=tt_dt_bus
Red Dawn,16900000,,http://www.imdb.com/title/tt0087985/business?ref_=tt_dt_bus
Red Dog,8500000,,http://www.imdb.com/title/tt0803061/business?ref_=tt_dt_bus
Red Lights,14000000,,http://www.imdb.com/title/tt1748179/business?ref_=tt_dt_bus
Red Riding: In the Year of Our Lord 1974,,,http://www.imdb.com/title/tt1259574/business?ref_=tt_dt_bus
Red River,3000000,,http://www.imdb.com/title/tt0040724/business?ref_=tt_dt_bus
Red Sky,25000000,,http://www.imdb.com/title/tt1946381/business?ref_=tt_dt_bus
Red Sonja,17900000,,http://www.imdb.com/title/tt0089893/business?ref_=tt_dt_bus
Red State,4000000,,http://www.imdb.com/title/tt0873886/business?ref_=tt_dt_bus
Reds,35000000,,http://www.imdb.com/title/tt0082979/business?ref_=tt_dt_bus
Reign of Assassins,12000000,,http://www.imdb.com/title/tt1460743/business?ref_=tt_dt_bus
Re-Kill,9500000,,http://www.imdb.com/title/tt1612319/business?ref_=tt_dt_bus
Repo Man,1500000,,http://www.imdb.com/title/tt0087995/business?ref_=tt_dt_bus
Restless,,,http://www.imdb.com/title/tt2241676/business?ref_=tt_dt_bus
Restoration,,,http://www.imdb.com/title/tt4517738/business?ref_=tt_dt_bus
Return of the Living Dead III,2000000,,http://www.imdb.com/title/tt0107953/business?ref_=tt_dt_bus
Return to Oz,25000000,,http://www.imdb.com/title/tt0089908/business?ref_=tt_dt_bus
Revolution,,,http://www.imdb.com/title/tt2070791/business?ref_=tt_dt_bus
Ripley's Game,30000000,,http://www.imdb.com/title/tt0265651/business?ref_=tt_dt_bus
Rise of the Entrepreneur: The Search for a Better Way,450000,,http://www.imdb.com/title/tt4273494/business?ref_=tt_dt_bus
Roadside,,,http://www.imdb.com/title/tt1958007/business?ref_=tt_dt_bus
Robin and Marian,5000000,,http://www.imdb.com/title/tt0075147/business?ref_=tt_dt_bus
Robot Chicken,,,http://www.imdb.com/title/tt0437745/business?ref_=tt_dt_bus
Rockaway,2000000,,http://www.imdb.com/title/tt0796355/business?ref_=tt_dt_bus
Rocket Singh: Salesman of the Year,,,http://www.imdb.com/title/tt1434447/business?ref_=tt_dt_bus
Rodeo Girl,500000,,http://www.imdb.com/title/tt4062896/business?ref_=tt_dt_bus
Rogue,,,http://www.imdb.com/title/tt2397255/business?ref_=tt_dt_bus
Romantic Schemer,125000,,http://www.imdb.com/title/tt4607906/business?ref_=tt_dt_bus
Rosemary's Baby,2300000,,http://www.imdb.com/title/tt0063522/business?ref_=tt_dt_bus
Rotor DR1,350000,,http://www.imdb.com/title/tt4162992/business?ref_=tt_dt_bus
Royal Kill,350000,,http://www.imdb.com/title/tt0421237/business?ref_=tt_dt_bus
Rules of Engagement,,,http://www.imdb.com/title/tt0790772/business?ref_=tt_dt_bus
"Run, Hide, Die",50000,,http://www.imdb.com/title/tt2442662/business?ref_=tt_dt_bus
Running Forever,5000000,,http://www.imdb.com/title/tt4453560/business?ref_=tt_dt_bus
Rush Hour,,,http://www.imdb.com/title/tt4085584/business?ref_=tt_dt_bus
Rust,250000,,http://www.imdb.com/title/tt1360826/business?ref_=tt_dt_bus
"Sabrina, the Teenage Witch",3000000,,http://www.imdb.com/title/tt0115341/business?ref_=tt_dt_bus
Salvador,4500000,,http://www.imdb.com/title/tt0091886/business?ref_=tt_dt_bus
Sanctuary; Quite a Conundrum,200000,,http://www.imdb.com/title/tt2049518/business?ref_=tt_dt_bus
Sands of Iwo Jima,1000000,,http://www.imdb.com/title/tt0041841/business?ref_=tt_dt_bus
Sardaar Ji,3000000,,http://www.imdb.com/title/tt4080386/business?ref_=tt_dt_bus
Sausage Party,19000000,,http://www.imdb.com/title/tt1700841/business?ref_=tt_dt_bus
Saving Grace,,,http://www.imdb.com/title/tt0830900/business?ref_=tt_dt_bus
Scott Walker: 30 Century Man,500000,,http://www.imdb.com/title/tt0486541/business?ref_=tt_dt_bus
Scream: The TV Series,,,http://www.imdb.com/title/tt3921180/business?ref_=tt_dt_bus
Secret in Their Eyes,19500000,,http://www.imdb.com/title/tt1741273/business?ref_=tt_dt_bus
Secrets and Lies,,,http://www.imdb.com/title/tt3516878/business?ref_=tt_dt_bus
Sex and the City,,,http://www.imdb.com/title/tt0159206/business?ref_=tt_dt_bus
Shalako,1455000,,http://www.imdb.com/title/tt0063592/business?ref_=tt_dt_bus
Shark Lake,2000000,,http://www.imdb.com/title/tt4416518/business?ref_=tt_dt_bus
Sharknado,1000000,,http://www.imdb.com/title/tt2724064/business?ref_=tt_dt_bus
Sharkskin,2100000,,http://www.imdb.com/title/tt2317796/business?ref_=tt_dt_bus
Shattered,20000000,,http://www.imdb.com/title/tt0489664/business?ref_=tt_dt_bus
Shaun the Sheep,,,http://www.imdb.com/title/tt0983983/business?ref_=tt_dt_bus
She Done Him Wrong,200000,,http://www.imdb.com/title/tt0024548/business?ref_=tt_dt_bus
She Wore a Yellow Ribbon,1600000,,http://www.imdb.com/title/tt0041866/business?ref_=tt_dt_bus
Sheena,25000000,,http://www.imdb.com/title/tt0088103/business?ref_=tt_dt_bus
Shinjuku Incident,15000000,,http://www.imdb.com/title/tt1075419/business?ref_=tt_dt_bus
Shipwrecked,60000000,,http://www.imdb.com/title/tt0099816/business?ref_=tt_dt_bus
Shooting the Warwicks,250000,,http://www.imdb.com/title/tt2690560/business?ref_=tt_dt_bus
Should've Been Romeo,5000000,,http://www.imdb.com/title/tt1717210/business?ref_=tt_dt_bus
Show Boat,2295429,,http://www.imdb.com/title/tt0044030/business?ref_=tt_dt_bus
Show Me,900000,,http://www.imdb.com/title/tt0414510/business?ref_=tt_dt_bus
Signed Sealed Delivered,,,http://www.imdb.com/title/tt3000844/business?ref_=tt_dt_bus
Silent Movie,4400000,,http://www.imdb.com/title/tt0075222/business?ref_=tt_dt_bus
Silent Running,1000000,,http://www.imdb.com/title/tt0067756/business?ref_=tt_dt_bus
Silent Trigger,9000000,,http://www.imdb.com/title/tt0117653/business?ref_=tt_dt_bus
Silmido,8000000,,http://www.imdb.com/title/tt0387596/business?ref_=tt_dt_bus
Silver Medallist,15000000,,http://www.imdb.com/title/tt0851515/business?ref_=tt_dt_bus
Singin' in the Rain,2540800,,http://www.imdb.com/title/tt0045152/business?ref_=tt_dt_bus
Slacker Uprising,2000000,,http://www.imdb.com/title/tt0850669/business?ref_=tt_dt_bus
Sleep Tight,5000000,,http://www.imdb.com/title/tt1437358/business?ref_=tt_dt_bus
Sleeper,2000000,,http://www.imdb.com/title/tt0070707/business?ref_=tt_dt_bus
Sleepy Hollow,,,http://www.imdb.com/title/tt2647544/business?ref_=tt_dt_bus
Small Apartments,2000000,,http://www.imdb.com/title/tt1272886/business?ref_=tt_dt_bus
Snow Queen,7000000,,http://www.imdb.com/title/tt2243621/business?ref_=tt_dt_bus
Snow White: A Deadly Summer,1000000,,http://www.imdb.com/title/tt2149137/business?ref_=tt_dt_bus
Snow White: A Tale of Terror,26000000,,http://www.imdb.com/title/tt0119227/business?ref_=tt_dt_bus
Solaris,1000000,,http://www.imdb.com/title/tt0069293/business?ref_=tt_dt_bus
Solitude,,,http://www.imdb.com/title/tt3565836/business?ref_=tt_dt_bus
Solomon and Sheba,5000000,,http://www.imdb.com/title/tt0053290/business?ref_=tt_dt_bus
Some Guy Who Kills People,300000,,http://www.imdb.com/title/tt1568341/business?ref_=tt_dt_bus
Something Wicked,3000000,,http://www.imdb.com/title/tt1327601/business?ref_=tt_dt_bus
Somewhere in Time,5100000,,http://www.imdb.com/title/tt0081534/business?ref_=tt_dt_bus
Sonny with a Chance,,,http://www.imdb.com/title/tt1252374/business?ref_=tt_dt_bus
Sorcerer,12000000,,http://www.imdb.com/title/tt0076740/business?ref_=tt_dt_bus
Space Battleship Yamato,12000000,,http://www.imdb.com/title/tt1477109/business?ref_=tt_dt_bus
Space Dogs,25000000,,http://www.imdb.com/title/tt1272051/business?ref_=tt_dt_bus
Space: Above and Beyond,5000000,,http://www.imdb.com/title/tt0112173/business?ref_=tt_dt_bus
Spartacus: War of the Damned,,,http://www.imdb.com/title/tt1442449/business?ref_=tt_dt_bus
Speedway Junky,1000000,,http://www.imdb.com/title/tt0155197/business?ref_=tt_dt_bus
Spellbound,1696377,,http://www.imdb.com/title/tt0038109/business?ref_=tt_dt_bus
St. Trinian's,13500000,,http://www.imdb.com/title/tt0964587/business?ref_=tt_dt_bus
Stan Helsing,,,http://www.imdb.com/title/tt1185266/business?ref_=tt_dt_bus
Star Wars: Episode VII - The Force Awakens,,,http://www.imdb.com/title/tt5289954/business?ref_=tt_dt_bus
Star Wars: The Clone Wars,,,http://www.imdb.com/title/tt0458290/business?ref_=tt_dt_bus
Stargate SG-1,1400000,,http://www.imdb.com/title/tt0118480/business?ref_=tt_dt_bus
Stargate: The Ark of Truth,,,http://www.imdb.com/title/tt0942903/business?ref_=tt_dt_bus
Starsuckers,400000,,http://www.imdb.com/title/tt1510934/business?ref_=tt_dt_bus
State Fair,,,http://www.imdb.com/title/tt0038116/business?ref_=tt_dt_bus
Steppin: The Movie,1000000,,http://www.imdb.com/title/tt0826751/business?ref_=tt_dt_bus
Stitches,,,http://www.imdb.com/title/tt2126362/business?ref_=tt_dt_bus
Stories of Our Lives,15000,,http://www.imdb.com/title/tt3973612/business?ref_=tt_dt_bus
Straight A's,2000000,,http://www.imdb.com/title/tt2024506/business?ref_=tt_dt_bus
Strangerland,10000000,,http://www.imdb.com/title/tt2325977/business?ref_=tt_dt_bus
Strangers with Candy,,,http://www.imdb.com/title/tt0194624/business?ref_=tt_dt_bus
Stung,2500000,,http://www.imdb.com/title/tt3300572/business?ref_=tt_dt_bus
Subconscious,,,http://www.imdb.com/title/tt2909932/business?ref_=tt_dt_bus
Sublime,1800000,,http://www.imdb.com/title/tt0822858/business?ref_=tt_dt_bus
Subway,17000000,,http://www.imdb.com/title/tt0090095/business?ref_=tt_dt_bus
Sunday School Musical,,,http://www.imdb.com/title/tt1270792/business?ref_=tt_dt_bus
Super Hybrid,13000000,,http://www.imdb.com/title/tt1152827/business?ref_=tt_dt_bus
Supporting Characters,,,http://www.imdb.com/title/tt1874789/business?ref_=tt_dt_bus
Sur le seuil,3200000,,http://www.imdb.com/title/tt0380732/business?ref_=tt_dt_bus
Survivor,20000000,,http://www.imdb.com/title/tt3247714/business?ref_=tt_dt_bus
Sweet Charity,20000000,,http://www.imdb.com/title/tt0065054/business?ref_=tt_dt_bus
Swelter,8000000,,http://www.imdb.com/title/tt2112277/business?ref_=tt_dt_bus
Taxi Driver,1300000,,http://www.imdb.com/title/tt0075314/business?ref_=tt_dt_bus
Taxman,1000000,,http://www.imdb.com/title/tt0138862/business?ref_=tt_dt_bus
Teeth and Blood,300000,,http://www.imdb.com/title/tt1991199/business?ref_=tt_dt_bus
The 41-Year-Old Virgin Who Knocked Up Sarah Marshall and Felt Superbad About It,1300000,,http://www.imdb.com/title/tt1498870/business?ref_=tt_dt_bus
The Algerian,1300000,,http://www.imdb.com/title/tt1681370/business?ref_=tt_dt_bus
The Andromeda Strain,6500000,,http://www.imdb.com/title/tt0066769/business?ref_=tt_dt_bus
The Apartment,3000000,,http://www.imdb.com/title/tt0053604/business?ref_=tt_dt_bus
The A-Team,,,http://www.imdb.com/title/tt0084967/business?ref_=tt_dt_bus
The Awakening,3000000,,http://www.imdb.com/title/tt1687901/business?ref_=tt_dt_bus
The Bachelor,3000000,,http://www.imdb.com/title/tt0313038/business?ref_=tt_dt_bus
The Bad News Bears,,,http://www.imdb.com/title/tt0074174/business?ref_=tt_dt_bus
The Ballad of Cable Hogue,3716946,,http://www.imdb.com/title/tt0065446/business?ref_=tt_dt_bus
The Ballad of Gregorio Cortez,1250000,,http://www.imdb.com/title/tt3551840/business?ref_=tt_dt_bus
The Beastmaster,8000000,,http://www.imdb.com/title/tt0083630/business?ref_=tt_dt_bus
The Betrayed,3500000,,http://www.imdb.com/title/tt1074191/business?ref_=tt_dt_bus
The Big Parade,245000,,http://www.imdb.com/title/tt0015624/business?ref_=tt_dt_bus
The Big Swap,,,http://www.imdb.com/title/tt0118717/business?ref_=tt_dt_bus
The Birth of a Nation,10000000,,http://www.imdb.com/title/tt4196450/business?ref_=tt_dt_bus
The Black Hole,20000000,,http://www.imdb.com/title/tt0078869/business?ref_=tt_dt_bus
The Black Stallion,2700000,,http://www.imdb.com/title/tt0078872/business?ref_=tt_dt_bus
The Blood of My Brother,120000,,http://www.imdb.com/title/tt0488873/business?ref_=tt_dt_bus
The Blue Bird,,,http://www.imdb.com/title/tt0032264/business?ref_=tt_dt_bus
The Blue Butterfly,12500000,,http://www.imdb.com/title/tt0313300/business?ref_=tt_dt_bus
The Blue Lagoon,4500000,,http://www.imdb.com/title/tt0080453/business?ref_=tt_dt_bus
The Bold and the Beautiful,,,http://www.imdb.com/title/tt0092325/business?ref_=tt_dt_bus
The Boondock Saints,7000000,,http://www.imdb.com/title/tt0144117/business?ref_=tt_dt_bus
The Border,,,http://www.imdb.com/title/tt4048942/business?ref_=tt_dt_bus
The Boys from Brazil,12000000,,http://www.imdb.com/title/tt0077269/business?ref_=tt_dt_bus
The Brain That Sings,125000,,http://www.imdb.com/title/tt2638024/business?ref_=tt_dt_bus
The Brain That Wouldn't Die,62000,,http://www.imdb.com/title/tt0052646/business?ref_=tt_dt_bus
The Brave Little Toaster,2300000,,http://www.imdb.com/title/tt0092695/business?ref_=tt_dt_bus
The Californians,,,http://www.imdb.com/title/tt0377043/business?ref_=tt_dt_bus
The Call of Cthulhu,50000,,http://www.imdb.com/title/tt0478988/business?ref_=tt_dt_bus
The Calling,,,http://www.imdb.com/title/tt1666335/business?ref_=tt_dt_bus
The Case of the Grinning Cat,150000,,http://www.imdb.com/title/tt0437123/business?ref_=tt_dt_bus
The Charge of the Light Brigade,1200000,,http://www.imdb.com/title/tt0027438/business?ref_=tt_dt_bus
The Christmas Bunny,250000,,http://www.imdb.com/title/tt1640714/business?ref_=tt_dt_bus
The City of Your Final Destination,8300000,,http://www.imdb.com/title/tt0896923/business?ref_=tt_dt_bus
The Color of Freedom,30000000,,http://www.imdb.com/title/tt0438859/business?ref_=tt_dt_bus
The Company,,,http://www.imdb.com/title/tt0488352/business?ref_=tt_dt_bus
The Conformist,750000,,http://www.imdb.com/title/tt0065571/business?ref_=tt_dt_bus
The Conversation,1600000,,http://www.imdb.com/title/tt0071360/business?ref_=tt_dt_bus
The Cottage,2500000,,http://www.imdb.com/title/tt0465430/business?ref_=tt_dt_bus
The Cry of the Owl,11500000,,http://www.imdb.com/title/tt1034302/business?ref_=tt_dt_bus
The Curse of Downers Grove,2000000,,http://www.imdb.com/title/tt1772261/business?ref_=tt_dt_bus
The Dark Hours,500000,,http://www.imdb.com/title/tt0402249/business?ref_=tt_dt_bus
The Dead Undead,1100000,,http://www.imdb.com/title/tt0923653/business?ref_=tt_dt_bus
The Dead Zone,,,http://www.imdb.com/title/tt0281432/business?ref_=tt_dt_bus
The Death and Life of Bobby Z,22000000,,http://www.imdb.com/title/tt0473188/business?ref_=tt_dt_bus
The Deer Hunter,15000000,,http://www.imdb.com/title/tt0077416/business?ref_=tt_dt_bus
The Deported,3000000,,http://www.imdb.com/title/tt1390404/business?ref_=tt_dt_bus
The Devil's Tomb,10000000,,http://www.imdb.com/title/tt1147687/business?ref_=tt_dt_bus
The Dirties,,,http://www.imdb.com/title/tt2334896/business?ref_=tt_dt_bus
The Dog Lover,2000000,,http://www.imdb.com/title/tt4063178/business?ref_=tt_dt_bus
The Doombolt Chase,,,http://www.imdb.com/title/tt0166038/business?ref_=tt_dt_bus
The Dress,2650000,,http://www.imdb.com/title/tt0116729/business?ref_=tt_dt_bus
The Egyptian,5000000,,http://www.imdb.com/title/tt0046949/business?ref_=tt_dt_bus
The Elephant Man,5000000,,http://www.imdb.com/title/tt0080678/business?ref_=tt_dt_bus
The Evil Dead,375000,,http://www.imdb.com/title/tt0083907/business?ref_=tt_dt_bus
The Face of an Angel,,,http://www.imdb.com/title/tt2967008/business?ref_=tt_dt_bus
The Fall of the Roman Empire,19000000,,http://www.imdb.com/title/tt0058085/business?ref_=tt_dt_bus
The Family,,,http://www.imdb.com/title/tt4428038/business?ref_=tt_dt_bus
The Following,,,http://www.imdb.com/title/tt2071645/business?ref_=tt_dt_bus
The Four Seasons,,,http://www.imdb.com/title/tt0082405/business?ref_=tt_dt_bus
The French Connection,1800000,,http://www.imdb.com/title/tt0067116/business?ref_=tt_dt_bus
The Front Page,4000000,,http://www.imdb.com/title/tt0071524/business?ref_=tt_dt_bus
The Frozen,250000,,http://www.imdb.com/title/tt2363439/business?ref_=tt_dt_bus
The Frozen Ground,27220000,,http://www.imdb.com/title/tt2005374/business?ref_=tt_dt_bus
The Geographer Drank His Globe Away,4000000,,http://www.imdb.com/title/tt3155604/business?ref_=tt_dt_bus
The Girlfriend Experience,,,http://www.imdb.com/title/tt3846642/business?ref_=tt_dt_bus
The Grand,,,http://www.imdb.com/title/tt0118327/business?ref_=tt_dt_bus
The Great Escape,4000000,,http://www.imdb.com/title/tt0057115/business?ref_=tt_dt_bus
The Great Train Robbery,6000000,,http://www.imdb.com/title/tt0079240/business?ref_=tt_dt_bus
The Hadza: Last of the First,650000,,http://www.imdb.com/title/tt2139721/business?ref_=tt_dt_bus
The Haunting in Connecticut 2: Ghosts of Georgia,9000000,,http://www.imdb.com/title/tt1457765/business?ref_=tt_dt_bus
The Helix... Loaded,1000000,,http://www.imdb.com/title/tt0401462/business?ref_=tt_dt_bus
The Hit List,6000000,,http://www.imdb.com/title/tt1575694/business?ref_=tt_dt_bus
The Hole,12000000,,http://www.imdb.com/title/tt1085779/business?ref_=tt_dt_bus
The Honeymooners,,,http://www.imdb.com/title/tt0042114/business?ref_=tt_dt_bus
The Horror Network Vol. 1,3000000,,http://www.imdb.com/title/tt3034146/business?ref_=tt_dt_bus
The Hustler,2000000,,http://www.imdb.com/title/tt0054997/business?ref_=tt_dt_bus
The I Inside,8800000,,http://www.imdb.com/title/tt0325596/business?ref_=tt_dt_bus
The Ice Pirates,9000000,,http://www.imdb.com/title/tt0087451/business?ref_=tt_dt_bus
The Image Revolution,50000,,http://www.imdb.com/title/tt2294916/business?ref_=tt_dt_bus
The Inbetweeners,,,http://www.imdb.com/title/tt1220617/business?ref_=tt_dt_bus
The Informers,18000000,,http://www.imdb.com/title/tt0865554/business?ref_=tt_dt_bus
The Janky Promoters,,,http://www.imdb.com/title/tt1210071/business?ref_=tt_dt_bus
The Kentucky Fried Movie,650000,,http://www.imdb.com/title/tt0076257/business?ref_=tt_dt_bus
The King of Najayo,500000,,http://www.imdb.com/title/tt2275671/business?ref_=tt_dt_bus
The Legend of Hell's Gate: An American Conspiracy,2000000,,http://www.imdb.com/title/tt1220217/business?ref_=tt_dt_bus
The Lion of Judah,15000000,,http://www.imdb.com/title/tt1212022/business?ref_=tt_dt_bus
The Little Ponderosa Zoo,500000,,http://www.imdb.com/title/tt3846442/business?ref_=tt_dt_bus
The Long Riders,10000000,,http://www.imdb.com/title/tt0081071/business?ref_=tt_dt_bus
The Longest Day,10000000,,http://www.imdb.com/title/tt0056197/business?ref_=tt_dt_bus
The Lost Weekend,1250000,,http://www.imdb.com/title/tt0037884/business?ref_=tt_dt_bus
The Love Letter,,,http://www.imdb.com/title/tt0140340/business?ref_=tt_dt_bus
The Loved Ones,,,http://www.imdb.com/title/tt1316536/business?ref_=tt_dt_bus
The Lovers,,,http://www.imdb.com/title/tt1321869/business?ref_=tt_dt_bus
The Magic Flute,27000000,,http://www.imdb.com/title/tt0475331/business?ref_=tt_dt_bus
The Maid's Room,600000,,http://www.imdb.com/title/tt2263814/business?ref_=tt_dt_bus
The Man from Earth,200000,,http://www.imdb.com/title/tt0756683/business?ref_=tt_dt_bus
The Man from Snowy River,3500000,,http://www.imdb.com/title/tt0084296/business?ref_=tt_dt_bus
The Man Who Shot Liberty Valance,3200000,,http://www.imdb.com/title/tt0056217/business?ref_=tt_dt_bus
The Marine 4: Moving Target,1950000,,http://www.imdb.com/title/tt3528666/business?ref_=tt_dt_bus
The Messengers,,,http://www.imdb.com/title/tt3513704/business?ref_=tt_dt_bus
The Misfits,4000000,,http://www.imdb.com/title/tt0055184/business?ref_=tt_dt_bus
The Missing,,,http://www.imdb.com/title/tt3877200/business?ref_=tt_dt_bus
The Molly Maguires,11000000,,http://www.imdb.com/title/tt0066090/business?ref_=tt_dt_bus
The Mongol King,3250,,http://www.imdb.com/title/tt0430371/business?ref_=tt_dt_bus
The Mudge Boy,800000,,http://www.imdb.com/title/tt0339419/business?ref_=tt_dt_bus
The Naked Ape,,,http://www.imdb.com/title/tt0381053/business?ref_=tt_dt_bus
The NeverEnding Story,27000000,,http://www.imdb.com/title/tt0088323/business?ref_=tt_dt_bus
The Night Visitor,,,http://www.imdb.com/title/tt0066141/business?ref_=tt_dt_bus
The Nun's Story,3500000,,http://www.imdb.com/title/tt0053131/business?ref_=tt_dt_bus
The O.C.,,,http://www.imdb.com/title/tt0362359/business?ref_=tt_dt_bus
The Oh in Ohio,5000000,,http://www.imdb.com/title/tt0422861/business?ref_=tt_dt_bus
The Omen,2800000,,http://www.imdb.com/title/tt0075005/business?ref_=tt_dt_bus
The Opposite Sex,3300000,,http://www.imdb.com/title/tt2796678/business?ref_=tt_dt_bus
The Outrageous Sophie Tucker,500000,,http://www.imdb.com/title/tt2825768/business?ref_=tt_dt_bus
The Pallbearer,8000000,,http://www.imdb.com/title/tt0117283/business?ref_=tt_dt_bus
The Party's Over,,,http://www.imdb.com/title/tt0060816/business?ref_=tt_dt_bus
The Past is a Grotesque Animal,100000,,http://www.imdb.com/title/tt3072636/business?ref_=tt_dt_bus
The Perfect Wave,4000000,,http://www.imdb.com/title/tt2414822/business?ref_=tt_dt_bus
The Pet,1000000,,http://www.imdb.com/title/tt0825728/business?ref_=tt_dt_bus
The Player,,,http://www.imdb.com/title/tt4474310/business?ref_=tt_dt_bus
The Poker House,,,http://www.imdb.com/title/tt1014806/business?ref_=tt_dt_bus
The Postman Always Rings Twice,12000000,,http://www.imdb.com/title/tt0082934/business?ref_=tt_dt_bus
The Powerpuff Girls,,,http://www.imdb.com/title/tt0175058/business?ref_=tt_dt_bus
The Prince,18000000,,http://www.imdb.com/title/tt1085492/business?ref_=tt_dt_bus
The Prisoner of Zenda,,,http://www.imdb.com/title/tt0029442/business?ref_=tt_dt_bus
The Pursuit of D.B. Cooper,12000000,,http://www.imdb.com/title/tt0082958/business?ref_=tt_dt_bus
The Reef,,,http://www.imdb.com/title/tt1320291/business?ref_=tt_dt_bus
The Return of the Living Dead,4000000,,http://www.imdb.com/title/tt0089907/business?ref_=tt_dt_bus
The Return of the Pink Panther,5000000,,http://www.imdb.com/title/tt0072081/business?ref_=tt_dt_bus
The Returned,,,http://www.imdb.com/title/tt2521668/business?ref_=tt_dt_bus
The Ridges,17350,,http://www.imdb.com/title/tt1781935/business?ref_=tt_dt_bus
The Ridiculous 6,,,http://www.imdb.com/title/tt2479478/business?ref_=tt_dt_bus
The Rise of the Krays,2500000,,http://www.imdb.com/title/tt2945796/business?ref_=tt_dt_bus
The Rocket: The Legend of Rocket Richard,8000000,,http://www.imdb.com/title/tt0460505/business?ref_=tt_dt_bus
The Secret,,,http://www.imdb.com/title/tt5116280/business?ref_=tt_dt_bus
The Shining,19000000,,http://www.imdb.com/title/tt0081505/business?ref_=tt_dt_bus
The Signal,4000000,,http://www.imdb.com/title/tt2910814/business?ref_=tt_dt_bus
The Sisterhood of Night,1000000,,http://www.imdb.com/title/tt1015471/business?ref_=tt_dt_bus
The Sleepwalker,1100000,,http://www.imdb.com/title/tt2723576/business?ref_=tt_dt_bus
The Sound and the Shadow,,,http://www.imdb.com/title/tt2190180/business?ref_=tt_dt_bus
The Square,1500000,,http://www.imdb.com/title/tt2486682/business?ref_=tt_dt_bus
The Stewardesses,100000,,http://www.imdb.com/title/tt0168192/business?ref_=tt_dt_bus
The Streets of San Francisco,,,http://www.imdb.com/title/tt0068135/business?ref_=tt_dt_bus
The Timber,2100000,,http://www.imdb.com/title/tt2215673/business?ref_=tt_dt_bus
The Tooth Fairy,1500000,,http://www.imdb.com/title/tt0473553/business?ref_=tt_dt_bus
The Torture Chamber of Dr. Sadism,,,http://www.imdb.com/title/tt0062235/business?ref_=tt_dt_bus
The Touch,13000,,http://www.imdb.com/title/tt1128219/business?ref_=tt_dt_bus
The Toxic Avenger,475000,,http://www.imdb.com/title/tt0090190/business?ref_=tt_dt_bus
The Train,6700000,,http://www.imdb.com/title/tt0059825/business?ref_=tt_dt_bus
The Trouble with Harry,1200000,,http://www.imdb.com/title/tt0048750/business?ref_=tt_dt_bus
The True Story of Puss'N Boots,25000000,,http://www.imdb.com/title/tt1239462/business?ref_=tt_dt_bus
The Valley of Decision,2160000,,http://www.imdb.com/title/tt0038213/business?ref_=tt_dt_bus
The Vatican Exorcisms,1100000,,http://www.imdb.com/title/tt3043194/business?ref_=tt_dt_bus
The Veil,4000000,,http://www.imdb.com/title/tt3533916/business?ref_=tt_dt_bus
The Velocity of Gary,4000000,,http://www.imdb.com/title/tt0120878/business?ref_=tt_dt_bus
The Walking Deceased,1250000,,http://www.imdb.com/title/tt3499458/business?ref_=tt_dt_bus
The Wave,5000000,,http://www.imdb.com/title/tt1063669/business?ref_=tt_dt_bus
The Wicked Lady,8000000,,http://www.imdb.com/title/tt0086582/business?ref_=tt_dt_bus
The Wicked Within,1200000,,http://www.imdb.com/title/tt1943014/business?ref_=tt_dt_bus
The Wild Bunch,6244087,,http://www.imdb.com/title/tt0065214/business?ref_=tt_dt_bus
The Work and the Story,103000,,http://www.imdb.com/title/tt0339921/business?ref_=tt_dt_bus
The World Is Mine,168000,,http://www.imdb.com/title/tt4707756/business?ref_=tt_dt_bus
Theresa Is a Mother,200000,,http://www.imdb.com/title/tt1989646/business?ref_=tt_dt_bus
They Came Together,,,http://www.imdb.com/title/tt2398249/business?ref_=tt_dt_bus
They Will Have to Kill Us First,400000,,http://www.imdb.com/title/tt4333662/business?ref_=tt_dt_bus
This Is Martin Bonner,42000,,http://www.imdb.com/title/tt1798291/business?ref_=tt_dt_bus
This Thing of Ours,,,http://www.imdb.com/title/tt0338497/business?ref_=tt_dt_bus
Three Kingdoms: Resurrection of the Dragon,25000000,,http://www.imdb.com/title/tt0882978/business?ref_=tt_dt_bus
Tidal Wave,,,http://www.imdb.com/title/tt1153040/business?ref_=tt_dt_bus
Tiger Orange,100000,,http://www.imdb.com/title/tt2866824/business?ref_=tt_dt_bus
Timber Falls,2600000,,http://www.imdb.com/title/tt0857295/business?ref_=tt_dt_bus
Tin Can Man,10000,,http://www.imdb.com/title/tt1235811/business?ref_=tt_dt_bus
"To Be Frank, Sinatra at 100",2000000,,http://www.imdb.com/title/tt4704314/business?ref_=tt_dt_bus
To Kill a Mockingbird,2000000,,http://www.imdb.com/title/tt0056592/business?ref_=tt_dt_bus
Tom Jones,1000000,,http://www.imdb.com/title/tt0057590/business?ref_=tt_dt_bus
Top Cat Begins,8000000,,http://www.imdb.com/title/tt4057916/business?ref_=tt_dt_bus
Topaz,4000000,,http://www.imdb.com/title/tt0065112/business?ref_=tt_dt_bus
Torn Curtain,6000000,,http://www.imdb.com/title/tt0061107/business?ref_=tt_dt_bus
Towering Inferno,,,http://www.imdb.com/title/tt0691996/business?ref_=tt_dt_bus
Tracker,6500000,,http://www.imdb.com/title/tt1414378/business?ref_=tt_dt_bus
Train,,,http://www.imdb.com/title/tt1015474/business?ref_=tt_dt_bus
Trapeze,4000000,,http://www.imdb.com/title/tt0049875/business?ref_=tt_dt_bus
Trapped,,,http://www.imdb.com/title/tt3561180/business?ref_=tt_dt_bus
Treachery,625000,,http://www.imdb.com/title/tt2380301/business?ref_=tt_dt_bus
Treading Water,4700000,,http://www.imdb.com/title/tt2091427/business?ref_=tt_dt_bus
Triangle,12000000,,http://www.imdb.com/title/tt1187064/business?ref_=tt_dt_bus
Truth or Die,1000000,,http://www.imdb.com/title/tt1838722/business?ref_=tt_dt_bus
Twisted,,,http://www.imdb.com/title/tt2355844/business?ref_=tt_dt_bus
Twixt,7000000,,http://www.imdb.com/title/tt1756851/business?ref_=tt_dt_bus
Two Lovers and a Bear,8700000,,http://www.imdb.com/title/tt4412528/business?ref_=tt_dt_bus
Tycoon,3209000,,http://www.imdb.com/title/tt0039927/business?ref_=tt_dt_bus
"Ultramarines: A Warhammer 40,000 Movie",,,http://www.imdb.com/title/tt1679332/business?ref_=tt_dt_bus
Underdogs,22000000,,http://www.imdb.com/title/tt1634003/business?ref_=tt_dt_bus
UnDivided,250000,,http://www.imdb.com/title/tt3564748/business?ref_=tt_dt_bus
Une Femme Mari??e,120000,,http://www.imdb.com/title/tt0058701/business?ref_=tt_dt_bus
Unforgettable,,,http://www.imdb.com/title/tt1842530/business?ref_=tt_dt_bus
Unforgotten,,,http://www.imdb.com/title/tt4192812/business?ref_=tt_dt_bus
United Passions,24000000,,http://www.imdb.com/title/tt2814362/business?ref_=tt_dt_bus
Unnatural,3000000,,http://www.imdb.com/title/tt3551400/business?ref_=tt_dt_bus
Unsullied,1500000,,http://www.imdb.com/title/tt3139764/business?ref_=tt_dt_bus
Vaalu,150000000,,http://www.imdb.com/title/tt3566698/business?ref_=tt_dt_bus
Valley of the Wolves: Iraq,8300000,,http://www.imdb.com/title/tt0493264/business?ref_=tt_dt_bus
Vampire Killers,,,http://www.imdb.com/title/tt1020885/business?ref_=tt_dt_bus
Veronica Mars,,,http://www.imdb.com/title/tt0412253/business?ref_=tt_dt_bus
Veronika Decides to Die,9000000,,http://www.imdb.com/title/tt1068678/business?ref_=tt_dt_bus
Vessel,,,http://www.imdb.com/title/tt2164708/business?ref_=tt_dt_bus
Videodrome,5952000,,http://www.imdb.com/title/tt0086541/business?ref_=tt_dt_bus
Virgin Territory,38000000,,http://www.imdb.com/title/tt0437954/business?ref_=tt_dt_bus
Viy,26000000,,http://www.imdb.com/title/tt1224378/business?ref_=tt_dt_bus
Wal-Mart: The High Cost of Low Price,1500000,,http://www.imdb.com/title/tt0473107/business?ref_=tt_dt_bus
Walter,700000,,http://www.imdb.com/title/tt2016335/business?ref_=tt_dt_bus
War & Peace,,,http://www.imdb.com/title/tt3910804/business?ref_=tt_dt_bus
Waterloo,25000000,,http://www.imdb.com/title/tt0066549/business?ref_=tt_dt_bus
We Have Your Husband,5000000,,http://www.imdb.com/title/tt2063015/business?ref_=tt_dt_bus
Welcome to the Sticks,11000000,,http://www.imdb.com/title/tt1064932/business?ref_=tt_dt_bus
Western Religion,250000,,http://www.imdb.com/title/tt3210710/business?ref_=tt_dt_bus
When the Lights Went Out,,,http://www.imdb.com/title/tt1743993/business?ref_=tt_dt_bus
White Noise 2: The Light,10000000,,http://www.imdb.com/title/tt0496436/business?ref_=tt_dt_bus
Wicked Blood,3500000,,http://www.imdb.com/title/tt2761578/business?ref_=tt_dt_bus
Wild Card,30000000,,http://www.imdb.com/title/tt2231253/business?ref_=tt_dt_bus
Willy Wonka & the Chocolate Factory,3000000,,http://www.imdb.com/title/tt0067992/business?ref_=tt_dt_bus
Wind Walkers,2000000,,http://www.imdb.com/title/tt1236254/business?ref_=tt_dt_bus
Windsor Drive,100000,,http://www.imdb.com/title/tt2311428/business?ref_=tt_dt_bus
Wings,,,http://www.imdb.com/title/tt0098948/business?ref_=tt_dt_bus
Winnie Mandela,15000000,,http://www.imdb.com/title/tt1551641/business?ref_=tt_dt_bus
Without Men,4700000,,http://www.imdb.com/title/tt1547090/business?ref_=tt_dt_bus
Wolf Creek,,,http://www.imdb.com/title/tt4460878/business?ref_=tt_dt_bus
Wolves,18000000,,http://www.imdb.com/title/tt1403241/business?ref_=tt_dt_bus
Womb,3660000,,http://www.imdb.com/title/tt1216520/business?ref_=tt_dt_bus
Wuthering Heights,,,http://www.imdb.com/title/tt1238834/business?ref_=tt_dt_bus
Xi you ji zhi: Sun Wukong san da Baigu Jing,68005000,,http://www.imdb.com/title/tt4591310/business?ref_=tt_dt_bus
Yesterday Was a Lie,2500000,,http://www.imdb.com/title/tt0448182/business?ref_=tt_dt_bus
Yoga Hosers,5000000,,http://www.imdb.com/title/tt3838992/business?ref_=tt_dt_bus
You Can't Take It with You,1644736,,http://www.imdb.com/title/tt0030993/business?ref_=tt_dt_bus
You Got Served: Beat the World,10000000,,http://www.imdb.com/title/tt1568139/business?ref_=tt_dt_bus
"Yours, Mine and Ours",2500000,,http://www.imdb.com/title/tt0063829/business?ref_=tt_dt_bus
Yu-Gi-Oh! Duel Monsters,,,http://www.imdb.com/title/tt0249327/business?ref_=tt_dt_bus
Z Storm,7000000,,http://www.imdb.com/title/tt3469440/business?ref_=tt_dt_bus
Zambezia,20000000,,http://www.imdb.com/title/tt1488181/business?ref_=tt_dt_bus
Zipper,4500000,,http://www.imdb.com/title/tt3346224/business?ref_=tt_dt_bus
ZMD: Zombies of Mass Destruction,500000,,http://www.imdb.com/title/tt1134674/business?ref_=tt_dt_bus
Zombie Hunter,1000000,,http://www.imdb.com/title/tt2446502/business?ref_=tt_dt_bus
Zulu,16000000,,http://www.imdb.com/title/tt2249221/business?ref_=tt_dt_bus
